Date,High
5-Oct-24,0.110043
3-Oct-24,0.106638
2-Oct-24,0.109411
1-Oct-24,0.119274
30-Sep-24,0.124669
29-Sep-24,0.130302
28-Sep-24,0.13195
27-Sep-24,0.12808
26-Sep-24,0.120163
25-Sep-24,0.110884
24-Sep-24,0.110468
23-Sep-24,0.109084
22-Sep-24,0.11005
21-Sep-24,0.110373
20-Sep-24,0.107296
19-Sep-24,0.107074
18-Sep-24,0.10359
17-Sep-24,0.102467
16-Sep-24,0.103132
15-Sep-24,0.106359
14-Sep-24,0.107558
13-Sep-24,0.10829
12-Sep-24,0.103207
11-Sep-24,0.10297
10-Sep-24,0.104521
9-Sep-24,0.104619
8-Sep-24,0.096903
7-Sep-24,0.095618
6-Sep-24,0.099379
5-Sep-24,0.099099
4-Sep-24,0.099456
3-Sep-24,0.100706
2-Sep-24,0.09974
1-Sep-24,0.101461
31-Aug-24,0.102241
30-Aug-24,0.102382
29-Aug-24,0.102492
28-Aug-24,0.101758
27-Aug-24,0.106478
26-Aug-24,0.110292
25-Aug-24,0.112758
24-Aug-24,0.114947
23-Aug-24,0.115239
22-Aug-24,0.106822
21-Aug-24,0.107825
20-Aug-24,0.105619
19-Aug-24,0.101807
18-Aug-24,0.104306
17-Aug-24,0.103631
16-Aug-24,0.102028
15-Aug-24,0.104798
14-Aug-24,0.10674
13-Aug-24,0.108843
12-Aug-24,0.108535
11-Aug-24,0.110794
10-Aug-24,0.105859
9-Aug-24,0.107582
8-Aug-24,0.107772
7-Aug-24,0.101847
6-Aug-24,0.101388
5-Aug-24,0.104166
4-Aug-24,0.109214
3-Aug-24,0.114497
2-Aug-24,0.119513
1-Aug-24,0.122932
31-Jul-24,0.127201
30-Jul-24,0.130306
29-Jul-24,0.134949
28-Jul-24,0.1318
27-Jul-24,0.138667
26-Jul-24,0.134878
25-Jul-24,0.128641
24-Jul-24,0.134627
23-Jul-24,0.139202
22-Jul-24,0.142469
21-Jul-24,0.143087
20-Jul-24,0.135646
19-Jul-24,0.126056
18-Jul-24,0.123843
17-Jul-24,0.127506
16-Jul-24,0.127257
15-Jul-24,0.125352
14-Jul-24,0.116495
13-Jul-24,0.112889
12-Jul-24,0.108266
11-Jul-24,0.112179
10-Jul-24,0.11043
9-Jul-24,0.10922
8-Jul-24,0.111021
7-Jul-24,0.113577
6-Jul-24,0.114079
5-Jul-24,0.106418
4-Jul-24,0.118948
3-Jul-24,0.125326
2-Jul-24,0.125094
1-Jul-24,0.127236
30-Jun-24,0.125333
29-Jun-24,0.124121
28-Jun-24,0.127976
27-Jun-24,0.128115
26-Jun-24,0.128522
25-Jun-24,0.128236
24-Jun-24,0.123675
23-Jun-24,0.12612
22-Jun-24,0.125365
21-Jun-24,0.1255
20-Jun-24,0.128266
19-Jun-24,0.126508
18-Jun-24,0.129103
17-Jun-24,0.138023
16-Jun-24,0.137347
15-Jun-24,0.137277
14-Jun-24,0.143213
13-Jun-24,0.146353
12-Jun-24,0.150325
11-Jun-24,0.145047
10-Jun-24,0.14782
9-Jun-24,0.149089
8-Jun-24,0.148583
7-Jun-24,0.162019
6-Jun-24,0.16517
5-Jun-24,0.164724
4-Jun-24,0.161744
3-Jun-24,0.163211
2-Jun-24,0.161194
1-Jun-24,0.161323
31-May-24,0.162226
30-May-24,0.165407
29-May-24,0.170269
28-May-24,0.16933
27-May-24,0.173036
26-May-24,0.17455
25-May-24,0.174086
24-May-24,0.172701
23-May-24,0.169142
22-May-24,0.174095
21-May-24,0.17263
20-May-24,0.165945
19-May-24,0.155964
18-May-24,0.156872
17-May-24,0.156364
16-May-24,0.159025
15-May-24,0.156989
14-May-24,0.154765
13-May-24,0.156825
12-May-24,0.144389
11-May-24,0.146037
10-May-24,0.153048
9-May-24,0.153983
8-May-24,0.151921
7-May-24,0.159802
6-May-24,0.168941
5-May-24,0.16313
4-May-24,0.169092
3-May-24,0.147762
2-May-24,0.134254
1-May-24,0.133724
30-Apr-24,0.145902
29-Apr-24,0.14795
28-Apr-24,0.15096
27-Apr-24,0.149364
26-Apr-24,0.151727
25-Apr-24,0.154181
24-Apr-24,0.164094
23-Apr-24,0.162868
22-Apr-24,0.163361
21-Apr-24,0.165478
20-Apr-24,0.164842
19-Apr-24,0.156906
18-Apr-24,0.153717
17-Apr-24,0.158511
16-Apr-24,0.162237
15-Apr-24,0.16889
14-Apr-24,0.164486
13-Apr-24,0.175572
12-Apr-24,0.200428
11-Apr-24,0.20312
10-Apr-24,0.201676
9-Apr-24,0.203243
8-Apr-24,0.20869
7-Apr-24,0.204811
6-Apr-24,0.187686
5-Apr-24,0.18048
4-Apr-24,0.1881
3-Apr-24,0.187403
2-Apr-24,0.205577
1-Apr-24,0.220068
31-Mar-24,0.223933
30-Mar-24,0.216516
29-Mar-24,0.2244
28-Mar-24,0.226581
27-Mar-24,0.191285
26-Mar-24,0.186057
25-Mar-24,0.185999
24-Mar-24,0.1799
23-Mar-24,0.174619
22-Mar-24,0.164902
21-Mar-24,0.158759
20-Mar-24,0.152868
19-Mar-24,0.145014
18-Mar-24,0.154332
17-Mar-24,0.158761
16-Mar-24,0.164936
15-Mar-24,0.181057
14-Mar-24,0.191512
13-Mar-24,0.173851
12-Mar-24,0.183108
11-Mar-24,0.182509
10-Mar-24,0.179588
9-Mar-24,0.184543
8-Mar-24,0.175495
7-Mar-24,0.162041
6-Mar-24,0.177433
5-Mar-24,0.205439
4-Mar-24,0.184307
3-Mar-24,0.155759
2-Mar-24,0.150064
1-Mar-24,0.145261
29-Feb-24,0.134409
28-Feb-24,0.121116
27-Feb-24,0.099957
26-Feb-24,0.090024
25-Feb-24,0.086759
24-Feb-24,0.08632
23-Feb-24,0.085483
22-Feb-24,0.085407
21-Feb-24,0.086222
20-Feb-24,0.091208
19-Feb-24,0.090536
18-Feb-24,0.0857
17-Feb-24,0.086059
16-Feb-24,0.08788
15-Feb-24,0.088048
14-Feb-24,0.087003
13-Feb-24,0.082954
12-Feb-24,0.082797
11-Feb-24,0.083279
10-Feb-24,0.082083
9-Feb-24,0.082088
8-Feb-24,0.080755
7-Feb-24,0.080255
6-Feb-24,0.079181
5-Feb-24,0.080027
4-Feb-24,0.079857
3-Feb-24,0.079455
2-Feb-24,0.079901
1-Feb-24,0.079779
31-Jan-24,0.080222
30-Jan-24,0.082129
29-Jan-24,0.082872
28-Jan-24,0.08137
27-Jan-24,0.080678
26-Jan-24,0.080279
25-Jan-24,0.079137
24-Jan-24,0.080518
23-Jan-24,0.081677
22-Jan-24,0.085416
21-Jan-24,0.089992
20-Jan-24,0.089998
19-Jan-24,0.078705
18-Jan-24,0.080693
17-Jan-24,0.081539
16-Jan-24,0.082267
15-Jan-24,0.081637
14-Jan-24,0.083824
13-Jan-24,0.08126
12-Jan-24,0.085378
11-Jan-24,0.087635
10-Jan-24,0.08445
9-Jan-24,0.082182
8-Jan-24,0.081717
7-Jan-24,0.081474
6-Jan-24,0.082773
5-Jan-24,0.084755
4-Jan-24,0.084655
3-Jan-24,0.092093
2-Jan-24,0.09433
1-Jan-24,0.092046
31-Dec-23,0.090816
30-Dec-23,0.091401
29-Dec-23,0.093014
28-Dec-23,0.094901
27-Dec-23,0.093864
26-Dec-23,0.094447
25-Dec-23,0.095167
24-Dec-23,0.094802
23-Dec-23,0.0952
22-Dec-23,0.095494
21-Dec-23,0.097211
20-Dec-23,0.093265
19-Dec-23,0.093355
18-Dec-23,0.093651
17-Dec-23,0.097585
16-Dec-23,0.097076
15-Dec-23,0.098611
14-Dec-23,0.098679
13-Dec-23,0.097382
12-Dec-23,0.097453
11-Dec-23,0.105837
10-Dec-23,0.102636
9-Dec-23,0.104615
8-Dec-23,0.103406
7-Dec-23,0.097939
6-Dec-23,0.105432
5-Dec-23,0.095057
4-Dec-23,0.091954
3-Dec-23,0.087147
2-Dec-23,0.086481
1-Dec-23,0.084908
30-Nov-23,0.084217
29-Nov-23,0.082842
28-Nov-23,0.081031
27-Nov-23,0.08132
26-Nov-23,0.07898
25-Nov-23,0.079105
24-Nov-23,0.078429
23-Nov-23,0.076348
22-Nov-23,0.076561
21-Nov-23,0.078698
20-Nov-23,0.08204
19-Nov-23,0.080598
18-Nov-23,0.086394
17-Nov-23,0.087061
16-Nov-23,0.082837
15-Nov-23,0.076408
14-Nov-23,0.075427
13-Nov-23,0.079398
12-Nov-23,0.079981
11-Nov-23,0.081698
10-Nov-23,0.075454
9-Nov-23,0.077736
8-Nov-23,0.076681
7-Nov-23,0.076389
6-Nov-23,0.076386
5-Nov-23,0.071599
4-Nov-23,0.069257
3-Nov-23,0.068208
2-Nov-23,0.070704
1-Nov-23,0.069554
31-Oct-23,0.070722
30-Oct-23,0.0702
29-Oct-23,0.070084
28-Oct-23,0.069691
27-Oct-23,0.072179
26-Oct-23,0.074888
25-Oct-23,0.069454
24-Oct-23,0.069767
23-Oct-23,0.067238
22-Oct-23,0.061667
21-Oct-23,0.061363
20-Oct-23,0.060337
19-Oct-23,0.058883
18-Oct-23,0.059274
17-Oct-23,0.060156
16-Oct-23,0.061226
15-Oct-23,0.05986
14-Oct-23,0.05993
13-Oct-23,0.058756
12-Oct-23,0.058495
11-Oct-23,0.059454
10-Oct-23,0.059204
9-Oct-23,0.06103
8-Oct-23,0.061611
7-Oct-23,0.061669
6-Oct-23,0.061555
5-Oct-23,0.061607
4-Oct-23,0.061561
3-Oct-23,0.062269
2-Oct-23,0.063961
1-Oct-23,0.063519
30-Sep-23,0.062506
29-Sep-23,0.06231
28-Sep-23,0.061661
27-Sep-23,0.061332
26-Sep-23,0.061116
25-Sep-23,0.0612
24-Sep-23,0.061743
23-Sep-23,0.061846
22-Sep-23,0.061829
21-Sep-23,0.063307
20-Sep-23,0.063009
19-Sep-23,0.063215
18-Sep-23,0.062808
17-Sep-23,0.062498
16-Sep-23,0.062884
15-Sep-23,0.062874
14-Sep-23,0.062386
13-Sep-23,0.061583
12-Sep-23,0.062086
11-Sep-23,0.061869
10-Sep-23,0.063405
9-Sep-23,0.063817
8-Sep-23,0.063922
7-Sep-23,0.063763
6-Sep-23,0.064491
5-Sep-23,0.064217
4-Sep-23,0.063722
3-Sep-23,0.063731
2-Sep-23,0.064658
1-Sep-23,0.06413
31-Aug-23,0.06692
30-Aug-23,0.066438
29-Aug-23,0.068065
28-Aug-23,0.063547
27-Aug-23,0.063532
26-Aug-23,0.063286
25-Aug-23,0.063094
24-Aug-23,0.064005
23-Aug-23,0.064505
22-Aug-23,0.063189
21-Aug-23,0.063991
20-Aug-23,0.064587
19-Aug-23,0.064384
18-Aug-23,0.063653
17-Aug-23,0.068251
16-Aug-23,0.071116
15-Aug-23,0.074809
14-Aug-23,0.076414
13-Aug-23,0.076789
12-Aug-23,0.07715
11-Aug-23,0.075983
10-Aug-23,0.076706
9-Aug-23,0.076054
8-Aug-23,0.075384
7-Aug-23,0.075466
6-Aug-23,0.076292
5-Aug-23,0.076803
4-Aug-23,0.074785
3-Aug-23,0.074893
2-Aug-23,0.078195
1-Aug-23,0.078168
31-Jul-23,0.079656
30-Jul-23,0.080439
29-Jul-23,0.081316
28-Jul-23,0.077782
27-Jul-23,0.079733
26-Jul-23,0.08208
25-Jul-23,0.083341
24-Jul-23,0.077222
23-Jul-23,0.072804
22-Jul-23,0.073295
21-Jul-23,0.076391
20-Jul-23,0.071022
19-Jul-23,0.071212
18-Jul-23,0.070257
17-Jul-23,0.072752
16-Jul-23,0.072135
15-Jul-23,0.074708
14-Jul-23,0.072731
13-Jul-23,0.071267
12-Jul-23,0.06557
11-Jul-23,0.065455
10-Jul-23,0.066032
9-Jul-23,0.066294
8-Jul-23,0.065957
7-Jul-23,0.065797
6-Jul-23,0.068476
5-Jul-23,0.069132
4-Jul-23,0.071424
3-Jul-23,0.068695
2-Jul-23,0.068908
1-Jul-23,0.070789
30-Jun-23,0.066712
29-Jun-23,0.064028
28-Jun-23,0.065565
27-Jun-23,0.065743
26-Jun-23,0.066785
25-Jun-23,0.067963
24-Jun-23,0.068309
23-Jun-23,0.069663
22-Jun-23,0.069006
21-Jun-23,0.06647
20-Jun-23,0.063057
19-Jun-23,0.062698
18-Jun-23,0.063749
17-Jun-23,0.062823
16-Jun-23,0.06263
15-Jun-23,0.061825
14-Jun-23,0.062109
13-Jun-23,0.062453
12-Jun-23,0.061635
11-Jun-23,0.062515
10-Jun-23,0.070591
9-Jun-23,0.07092
8-Jun-23,0.068426
7-Jun-23,0.070371
6-Jun-23,0.071784
5-Jun-23,0.072632
4-Jun-23,0.07325
3-Jun-23,0.072947
2-Jun-23,0.073198
1-Jun-23,0.072119
31-May-23,0.072633
30-May-23,0.073383
29-May-23,0.073919
28-May-23,0.073917
27-May-23,0.073287
26-May-23,0.07135
25-May-23,0.070965
24-May-23,0.072876
23-May-23,0.073882
22-May-23,0.073868
21-May-23,0.073979
20-May-23,0.073844
19-May-23,0.073956
18-May-23,0.074902
17-May-23,0.075308
16-May-23,0.073138
15-May-23,0.073441
14-May-23,0.072582
13-May-23,0.072461
12-May-23,0.072567
11-May-23,0.073233
10-May-23,0.074608
9-May-23,0.073304
8-May-23,0.077107
7-May-23,0.077496
6-May-23,0.080385
5-May-23,0.081292
4-May-23,0.079736
3-May-23,0.080527
2-May-23,0.079045
1-May-23,0.079996
30-Apr-23,0.081701
29-Apr-23,0.081846
28-Apr-23,0.080576
27-Apr-23,0.08095
26-Apr-23,0.083372
25-Apr-23,0.079926
24-Apr-23,0.079973
23-Apr-23,0.080628
22-Apr-23,0.080919
21-Apr-23,0.084629
20-Apr-23,0.092972
19-Apr-23,0.094021
18-Apr-23,0.094495
17-Apr-23,0.094595
16-Apr-23,0.091515
15-Apr-23,0.090447
14-Apr-23,0.091116
13-Apr-23,0.088381
12-Apr-23,0.084429
11-Apr-23,0.08571
10-Apr-23,0.085272
9-Apr-23,0.083825
8-Apr-23,0.083826
7-Apr-23,0.086098
6-Apr-23,0.092847
5-Apr-23,0.098939
4-Apr-23,0.102538
3-Apr-23,0.10264
2-Apr-23,0.085279
1-Apr-23,0.085279
31-Mar-23,0.077722
30-Mar-23,0.076641
29-Mar-23,0.076733
28-Mar-23,0.073925
27-Mar-23,0.075831
26-Mar-23,0.075376
25-Mar-23,0.075914
24-Mar-23,0.07749
23-Mar-23,0.078934
22-Mar-23,0.077643
21-Mar-23,0.077477
20-Mar-23,0.075608
19-Mar-23,0.076602
18-Mar-23,0.078764
17-Mar-23,0.077297
16-Mar-23,0.073477
15-Mar-23,0.076058
14-Mar-23,0.07764
13-Mar-23,0.073726
12-Mar-23,0.07125
11-Mar-23,0.068196
10-Mar-23,0.066071
9-Mar-23,0.072203
8-Mar-23,0.074235
7-Mar-23,0.07583
6-Mar-23,0.075061
5-Mar-23,0.075917
4-Mar-23,0.077155
3-Mar-23,0.080572
2-Mar-23,0.082167
1-Mar-23,0.082564
28-Feb-23,0.082735
27-Feb-23,0.082202
26-Feb-23,0.082473
25-Feb-23,0.081779
24-Feb-23,0.0849
23-Feb-23,0.086369
22-Feb-23,0.087464
21-Feb-23,0.088707
20-Feb-23,0.088627
19-Feb-23,0.089738
18-Feb-23,0.089822
17-Feb-23,0.088411
16-Feb-23,0.091262
15-Feb-23,0.089355
14-Feb-23,0.083648
13-Feb-23,0.086205
12-Feb-23,0.085419
11-Feb-23,0.082514
10-Feb-23,0.08288
9-Feb-23,0.090758
8-Feb-23,0.093138
7-Feb-23,0.092634
6-Feb-23,0.093097
5-Feb-23,0.096726
4-Feb-23,0.09953
3-Feb-23,0.093209
2-Feb-23,0.095753
1-Feb-23,0.096599
31-Jan-23,0.097335
30-Jan-23,0.091837
29-Jan-23,0.090859
28-Jan-23,0.092969
27-Jan-23,0.087746
26-Jan-23,0.087358
25-Jan-23,0.08788
24-Jan-23,0.090592
23-Jan-23,0.09115
22-Jan-23,0.092892
21-Jan-23,0.088706
20-Jan-23,0.08676
19-Jan-23,0.082052
18-Jan-23,0.089458
17-Jan-23,0.08472
16-Jan-23,0.087904
15-Jan-23,0.087686
14-Jan-23,0.09187
13-Jan-23,0.084916
12-Jan-23,0.080717
11-Jan-23,0.078181
10-Jan-23,0.077731
9-Jan-23,0.079211
8-Jan-23,0.073612
7-Jan-23,0.072844
6-Jan-23,0.07257
5-Jan-23,0.075027
4-Jan-23,0.07325
3-Jan-23,0.072197
2-Jan-23,0.072479
1-Jan-23,0.070685
31-Dec-22,0.071109
30-Dec-22,0.071308
29-Dec-22,0.071302
28-Dec-22,0.073821
27-Dec-22,0.076022
26-Dec-22,0.076361
25-Dec-22,0.077644
24-Dec-22,0.077976
23-Dec-22,0.078638
22-Dec-22,0.077362
21-Dec-22,0.074964
20-Dec-22,0.075247
19-Dec-22,0.079342
18-Dec-22,0.079865
17-Dec-22,0.079375
16-Dec-22,0.086731
15-Dec-22,0.088762
14-Dec-22,0.09224
13-Dec-22,0.09438
12-Dec-22,0.093005
11-Dec-22,0.097093
10-Dec-22,0.097356
9-Dec-22,0.099086
8-Dec-22,0.098874
7-Dec-22,0.10095
6-Dec-22,0.102627
5-Dec-22,0.111012
4-Dec-22,0.105264
3-Dec-22,0.102823
2-Dec-22,0.10326
1-Dec-22,0.107381
30-Nov-22,0.108942
29-Nov-22,0.104712
28-Nov-22,0.099327
27-Nov-22,0.106433
26-Nov-22,0.09474
25-Nov-22,0.09099
24-Nov-22,0.083666
23-Nov-22,0.083128
22-Nov-22,0.078963
21-Nov-22,0.077188
20-Nov-22,0.085682
19-Nov-22,0.084905
18-Nov-22,0.086504
17-Nov-22,0.086954
16-Nov-22,0.090659
15-Nov-22,0.08892
14-Nov-22,0.090774
13-Nov-22,0.091137
12-Nov-22,0.093994
11-Nov-22,0.091865
10-Nov-22,0.093256
9-Nov-22,0.091096
8-Nov-22,0.112296
7-Nov-22,0.118577
6-Nov-22,0.126702
5-Nov-22,0.135145
4-Nov-22,0.128599
3-Nov-22,0.13599
2-Nov-22,0.147391
1-Nov-22,0.157203
31-Oct-22,0.130245
30-Oct-22,0.141657
29-Oct-22,0.149392
28-Oct-22,0.087901
27-Oct-22,0.084825
26-Oct-22,0.073274
25-Oct-22,0.064049
24-Oct-22,0.060814
23-Oct-22,0.060379
22-Oct-22,0.059846
21-Oct-22,0.059526
20-Oct-22,0.060237
19-Oct-22,0.06068
18-Oct-22,0.060773
17-Oct-22,0.060057
16-Oct-22,0.059415
15-Oct-22,0.059567
14-Oct-22,0.060943
13-Oct-22,0.060159
12-Oct-22,0.060866
11-Oct-22,0.060653
10-Oct-22,0.062469
9-Oct-22,0.062342
8-Oct-22,0.062576
7-Oct-22,0.063717
6-Oct-22,0.066618
5-Oct-22,0.066465
4-Oct-22,0.066252
3-Oct-22,0.060467
2-Oct-22,0.060908
1-Oct-22,0.062806
30-Sep-22,0.06204
29-Sep-22,0.061036
28-Sep-22,0.061039
27-Sep-22,0.062931
26-Sep-22,0.061797
25-Sep-22,0.063679
24-Sep-22,0.067973
23-Sep-22,0.064032
22-Sep-22,0.059838
21-Sep-22,0.060478
20-Sep-22,0.060262
19-Sep-22,0.058744
18-Sep-22,0.06221
17-Sep-22,0.062315
16-Sep-22,0.060423
15-Sep-22,0.061211
14-Sep-22,0.061425
13-Sep-22,0.063981
12-Sep-22,0.065194
11-Sep-22,0.065187
10-Sep-22,0.065241
9-Sep-22,0.064622
8-Sep-22,0.061293
7-Sep-22,0.06145
6-Sep-22,0.064642
5-Sep-22,0.06364
4-Sep-22,0.063714
3-Sep-22,0.063601
2-Sep-22,0.062712
1-Sep-22,0.062479
31-Aug-22,0.063333
30-Aug-22,0.064408
29-Aug-22,0.063982
28-Aug-22,0.064268
27-Aug-22,0.064065
26-Aug-22,0.069296
25-Aug-22,0.071579
24-Aug-22,0.069415
23-Aug-22,0.069169
22-Aug-22,0.069489
21-Aug-22,0.070646
20-Aug-22,0.070961
19-Aug-22,0.075183
18-Aug-22,0.082087
17-Aug-22,0.088113
16-Aug-22,0.088639
15-Aug-22,0.08182
14-Aug-22,0.084013
13-Aug-22,0.07486
12-Aug-22,0.07248
11-Aug-22,0.074646
10-Aug-22,0.071309
9-Aug-22,0.073886
8-Aug-22,0.072058
7-Aug-22,0.069899
6-Aug-22,0.070999
5-Aug-22,0.070117
4-Aug-22,0.067502
3-Aug-22,0.06832
2-Aug-22,0.068896
1-Aug-22,0.070721
31-Jul-22,0.072028
30-Jul-22,0.07391
29-Jul-22,0.072004
28-Jul-22,0.070577
27-Jul-22,0.067021
26-Jul-22,0.062512
25-Jul-22,0.06788
24-Jul-22,0.068854
23-Jul-22,0.069332
22-Jul-22,0.07127
21-Jul-22,0.070732
20-Jul-22,0.076574
19-Jul-22,0.0699
18-Jul-22,0.068674
17-Jul-22,0.065394
16-Jul-22,0.064725
15-Jul-22,0.064259
14-Jul-22,0.062632
13-Jul-22,0.062011
12-Jul-22,0.062861
11-Jul-22,0.067268
10-Jul-22,0.069509
9-Jul-22,0.070009
8-Jul-22,0.073009
7-Jul-22,0.071124
6-Jul-22,0.069058
5-Jul-22,0.069841
4-Jul-22,0.069605
3-Jul-22,0.067356
2-Jul-22,0.067692
1-Jul-22,0.067862
30-Jun-22,0.069513
29-Jun-22,0.071335
28-Jun-22,0.072951
27-Jun-22,0.078389
26-Jun-22,0.076966
25-Jun-22,0.069112
24-Jun-22,0.068162
23-Jun-22,0.064615
22-Jun-22,0.065751
21-Jun-22,0.069324
20-Jun-22,0.061157
19-Jun-22,0.062472
18-Jun-22,0.057755
17-Jun-22,0.057911
16-Jun-22,0.062977
15-Jun-22,0.063472
14-Jun-22,0.058154
13-Jun-22,0.065702
12-Jun-22,0.070345
11-Jun-22,0.076399
10-Jun-22,0.079521
9-Jun-22,0.080898
8-Jun-22,0.08142
7-Jun-22,0.08253
6-Jun-22,0.084559
5-Jun-22,0.082138
4-Jun-22,0.082337
3-Jun-22,0.082857
2-Jun-22,0.083007
1-Jun-22,0.088647
31-May-22,0.08823
30-May-22,0.088275
29-May-22,0.083034
28-May-22,0.083048
27-May-22,0.085384
26-May-22,0.0836
25-May-22,0.084338
24-May-22,0.084317
23-May-22,0.08811
22-May-22,0.08648
21-May-22,0.08511
20-May-22,0.08775
19-May-22,0.087124
18-May-22,0.090797
17-May-22,0.091112
16-May-22,0.093061
15-May-22,0.092843
14-May-22,0.091598
13-May-22,0.094254
12-May-22,0.089028
11-May-22,0.110565
10-May-22,0.117775
9-May-22,0.125136
8-May-22,0.128017
7-May-22,0.13192
6-May-22,0.129305
5-May-22,0.137313
4-May-22,0.135809
3-May-22,0.131833
2-May-22,0.133783
1-May-22,0.134821
30-Apr-22,0.136528
29-Apr-22,0.144643
28-Apr-22,0.142618
27-Apr-22,0.145405
26-Apr-22,0.165278
25-Apr-22,0.167735
24-Apr-22,0.13469
23-Apr-22,0.136495
22-Apr-22,0.137908
21-Apr-22,0.142448
20-Apr-22,0.146241
19-Apr-22,0.144141
18-Apr-22,0.140461
17-Apr-22,0.144709
16-Apr-22,0.147811
15-Apr-22,0.149287
14-Apr-22,0.146633
13-Apr-22,0.142608
12-Apr-22,0.144122
11-Apr-22,0.151292
10-Apr-22,0.156972
9-Apr-22,0.144462
8-Apr-22,0.152716
7-Apr-22,0.148028
6-Apr-22,0.173497
5-Apr-22,0.178045
4-Apr-22,0.155312
3-Apr-22,0.148558
2-Apr-22,0.144069
1-Apr-22,0.142394
31-Mar-22,0.14722
30-Mar-22,0.144997
29-Mar-22,0.148559
28-Mar-22,0.152737
27-Mar-22,0.144858
26-Mar-22,0.136495
25-Mar-22,0.137275
24-Mar-22,0.140605
23-Mar-22,0.130713
22-Mar-22,0.12535
21-Mar-22,0.121332
20-Mar-22,0.123919
19-Mar-22,0.124573
18-Mar-22,0.119375
17-Mar-22,0.11871
16-Mar-22,0.116908
15-Mar-22,0.114213
14-Mar-22,0.118967
13-Mar-22,0.116231
12-Mar-22,0.117239
11-Mar-22,0.118293
10-Mar-22,0.121612
9-Mar-22,0.123734
8-Mar-22,0.119724
7-Mar-22,0.122563
6-Mar-22,0.125611
5-Mar-22,0.125375
4-Mar-22,0.129856
3-Mar-22,0.133649
2-Mar-22,0.136214
1-Mar-22,0.13773
28-Feb-22,0.134479
27-Feb-22,0.128235
26-Feb-22,0.130071
25-Feb-22,0.128181
24-Feb-22,0.127851
23-Feb-22,0.135337
22-Feb-22,0.131696
21-Feb-22,0.141345
20-Feb-22,0.141197
19-Feb-22,0.145906
18-Feb-22,0.142097
17-Feb-22,0.149889
16-Feb-22,0.151824
15-Feb-22,0.152199
14-Feb-22,0.150132
13-Feb-22,0.157354
12-Feb-22,0.147013
11-Feb-22,0.154069
10-Feb-22,0.160437
9-Feb-22,0.160704
8-Feb-22,0.169145
7-Feb-22,0.171586
6-Feb-22,0.154775
5-Feb-22,0.15014
4-Feb-22,0.147592
3-Feb-22,0.138747
2-Feb-22,0.145253
1-Feb-22,0.144129
31-Jan-22,0.142264
30-Jan-22,0.143515
29-Jan-22,0.143984
28-Jan-22,0.142413
27-Jan-22,0.14501
26-Jan-22,0.152603
25-Jan-22,0.147236
24-Jan-22,0.141951
23-Jan-22,0.143072
22-Jan-22,0.145027
21-Jan-22,0.157156
20-Jan-22,0.168846
19-Jan-22,0.168647
18-Jan-22,0.17379
17-Jan-22,0.177872
16-Jan-22,0.185093
15-Jan-22,0.1936
14-Jan-22,0.203232
13-Jan-22,0.174792
12-Jan-22,0.161652
11-Jan-22,0.164621
10-Jan-22,0.152135
9-Jan-22,0.153742
8-Jan-22,0.157725
7-Jan-22,0.160295
6-Jan-22,0.161706
5-Jan-22,0.170747
4-Jan-22,0.172339
3-Jan-22,0.174406
2-Jan-22,0.175989
1-Jan-22,0.173423
31-Dec-21,0.175294
30-Dec-21,0.175771
29-Dec-21,0.177339
28-Dec-21,0.187885
27-Dec-21,0.192923
26-Dec-21,0.192546
25-Dec-21,0.194876
24-Dec-21,0.19529
23-Dec-21,0.184522
22-Dec-21,0.179585
21-Dec-21,0.17234
20-Dec-21,0.170833
19-Dec-21,0.174378
18-Dec-21,0.174874
17-Dec-21,0.176559
16-Dec-21,0.184933
15-Dec-21,0.191144
14-Dec-21,0.219632
13-Dec-21,0.170615
12-Dec-21,0.172899
11-Dec-21,0.17008
10-Dec-21,0.17461
9-Dec-21,0.18189
8-Dec-21,0.182168
7-Dec-21,0.183539
6-Dec-21,0.180527
5-Dec-21,0.181133
4-Dec-21,0.200562
3-Dec-21,0.211991
2-Dec-21,0.223011
1-Dec-21,0.218496
30-Nov-21,0.22689
29-Nov-21,0.223692
28-Nov-21,0.207472
27-Nov-21,0.209613
26-Nov-21,0.221759
25-Nov-21,0.22881
24-Nov-21,0.230245
23-Nov-21,0.236201
22-Nov-21,0.227531
21-Nov-21,0.23335
20-Nov-21,0.235953
19-Nov-21,0.236832
18-Nov-21,0.241091
17-Nov-21,0.240906
16-Nov-21,0.257094
15-Nov-21,0.26517
14-Nov-21,0.271257
13-Nov-21,0.262251
12-Nov-21,0.268437
11-Nov-21,0.269965
10-Nov-21,0.276989
9-Nov-21,0.289668
8-Nov-21,0.296532
7-Nov-21,0.269849
6-Nov-21,0.267697
5-Nov-21,0.270789
4-Nov-21,0.270865
3-Nov-21,0.277104
2-Nov-21,0.280686
1-Nov-21,0.285551
31-Oct-21,0.284707
30-Oct-21,0.294647
29-Oct-21,0.306312
28-Oct-21,0.338843
27-Oct-21,0.263317
26-Oct-21,0.274317
25-Oct-21,0.279472
24-Oct-21,0.281935
23-Oct-21,0.25314
22-Oct-21,0.252772
21-Oct-21,0.258261
20-Oct-21,0.261555
19-Oct-21,0.254611
18-Oct-21,0.271394
17-Oct-21,0.241973
16-Oct-21,0.244447
15-Oct-21,0.243469
14-Oct-21,0.23988
13-Oct-21,0.233943
12-Oct-21,0.231718
11-Oct-21,0.239381
10-Oct-21,0.248663
9-Oct-21,0.251966
8-Oct-21,0.254764
7-Oct-21,0.256739
6-Oct-21,0.271509
5-Oct-21,0.267787
4-Oct-21,0.247924
3-Oct-21,0.226228
2-Oct-21,0.224955
1-Oct-21,0.224607
30-Sep-21,0.205806
29-Sep-21,0.204144
28-Sep-21,0.202579
27-Sep-21,0.209281
26-Sep-21,0.209068
25-Sep-21,0.212604
24-Sep-21,0.228267
23-Sep-21,0.227095
22-Sep-21,0.229423
21-Sep-21,0.218094
20-Sep-21,0.233606
19-Sep-21,0.241285
18-Sep-21,0.247328
17-Sep-21,0.259535
16-Sep-21,0.247733
15-Sep-21,0.248322
14-Sep-21,0.241678
13-Sep-21,0.252031
12-Sep-21,0.254794
11-Sep-21,0.248018
10-Sep-21,0.261622
9-Sep-21,0.259558
8-Sep-21,0.26329
7-Sep-21,0.31103
6-Sep-21,0.319751
5-Sep-21,0.315009
4-Sep-21,0.308731
3-Sep-21,0.304494
2-Sep-21,0.309227
1-Sep-21,0.294889
31-Aug-21,0.285819
30-Aug-21,0.289559
29-Aug-21,0.291663
28-Aug-21,0.29917
27-Aug-21,0.294845
26-Aug-21,0.296002
25-Aug-21,0.296815
24-Aug-21,0.319757
23-Aug-21,0.328094
22-Aug-21,0.321541
21-Aug-21,0.329356
20-Aug-21,0.333223
19-Aug-21,0.319018
18-Aug-21,0.324227
17-Aug-21,0.339462
16-Aug-21,0.350953
15-Aug-21,0.348722
14-Aug-21,0.298456
13-Aug-21,0.287188
12-Aug-21,0.294142
11-Aug-21,0.282482
10-Aug-21,0.262791
9-Aug-21,0.266265
8-Aug-21,0.281379
7-Aug-21,0.26199
6-Aug-21,0.211756
5-Aug-21,0.202513
4-Aug-21,0.20311
3-Aug-21,0.205077
2-Aug-21,0.209959
1-Aug-21,0.217611
31-Jul-21,0.214345
30-Jul-21,0.210643
29-Jul-21,0.206355
28-Jul-21,0.213746
27-Jul-21,0.209293
26-Jul-21,0.232767
25-Jul-21,0.200451
24-Jul-21,0.204369
23-Jul-21,0.199531
22-Jul-21,0.196404
21-Jul-21,0.21421
20-Jul-21,0.178895
19-Jul-21,0.18395
18-Jul-21,0.195788
17-Jul-21,0.204937
16-Jul-21,0.188322
15-Jul-21,0.20084
14-Jul-21,0.204483
13-Jul-21,0.208062
12-Jul-21,0.218965
11-Jul-21,0.218745
10-Jul-21,0.227681
9-Jul-21,0.229139
8-Jul-21,0.22493
7-Jul-21,0.237851
6-Jul-21,0.24191
5-Jul-21,0.246419
4-Jul-21,0.252567
3-Jul-21,0.250214
2-Jul-21,0.247997
1-Jul-21,0.260092
30-Jun-21,0.263538
29-Jun-21,0.27494
28-Jun-21,0.266982
27-Jun-21,0.266891
26-Jun-21,0.255127
25-Jun-21,0.289145
24-Jun-21,0.26869
23-Jun-21,0.24711
22-Jun-21,0.216122
21-Jun-21,0.280889
20-Jun-21,0.289727
19-Jun-21,0.297803
18-Jun-21,0.307752
17-Jun-21,0.314011
16-Jun-21,0.321393
15-Jun-21,0.330495
14-Jun-21,0.336927
13-Jun-21,0.330026
12-Jun-21,0.319332
11-Jun-21,0.333223
10-Jun-21,0.344529
9-Jun-21,0.353762
8-Jun-21,0.341435
7-Jun-21,0.379678
6-Jun-21,0.376798
5-Jun-21,0.393886
4-Jun-21,0.400982
3-Jun-21,0.440763
2-Jun-21,0.44459
1-Jun-21,0.383079
31-May-21,0.329163
30-May-21,0.310324
29-May-21,0.317919
28-May-21,0.347879
27-May-21,0.353463
26-May-21,0.36592
25-May-21,0.38001
24-May-21,0.371485
23-May-21,0.350863
22-May-21,0.360517
21-May-21,0.411975
20-May-21,0.433192
19-May-21,0.684735
18-May-21,0.515599
17-May-21,0.515221
16-May-21,0.548145
15-May-21,0.562676
14-May-21,0.58969
13-May-21,0.519461
12-May-21,0.519975
11-May-21,0.546651
10-May-21,0.569687
9-May-21,0.697625
8-May-21,0.737567
7-May-21,0.731972
6-May-21,0.663616
5-May-21,0.695262
4-May-21,0.605998
3-May-21,0.445567
2-May-21,0.400029
1-May-21,0.397135
30-Apr-21,0.339757
29-Apr-21,0.323881
28-Apr-21,0.344662
27-Apr-21,0.279629
26-Apr-21,0.280452
25-Apr-21,0.288771
24-Apr-21,0.28939
23-Apr-21,0.268378
22-Apr-21,0.308757
21-Apr-21,0.346966
20-Apr-21,0.422347
19-Apr-21,0.431751
18-Apr-21,0.349918
17-Apr-21,0.374455
16-Apr-21,0.4377
15-Apr-21,0.187326
14-Apr-21,0.14251
13-Apr-21,0.095181
12-Apr-21,0.074986
11-Apr-21,0.079243
10-Apr-21,0.065068
9-Apr-21,0.06391
8-Apr-21,0.061745
7-Apr-21,0.067299
6-Apr-21,0.06505
5-Apr-21,0.060153
4-Apr-21,0.058107
3-Apr-21,0.059484
2-Apr-21,0.062249
1-Apr-21,0.070111
31-Mar-21,0.054468
30-Mar-21,0.055434
29-Mar-21,0.054651
28-Mar-21,0.054752
27-Mar-21,0.055435
26-Mar-21,0.054028
25-Mar-21,0.052407
24-Mar-21,0.056494
23-Mar-21,0.056081
22-Mar-21,0.057732
21-Mar-21,0.059521
20-Mar-21,0.060639
19-Mar-21,0.059721
18-Mar-21,0.058828
17-Mar-21,0.058866
16-Mar-21,0.058921
15-Mar-21,0.059689
14-Mar-21,0.063052
13-Mar-21,0.062432
12-Mar-21,0.05698
11-Mar-21,0.056698
10-Mar-21,0.058616
9-Mar-21,0.062268
8-Mar-21,0.061949
7-Mar-21,0.052141
6-Mar-21,0.052397
5-Mar-21,0.050854
4-Mar-21,0.051087
3-Mar-21,0.052126
2-Mar-21,0.052382
1-Mar-21,0.051479
28-Feb-21,0.050134
27-Feb-21,0.05192
26-Feb-21,0.052472
25-Feb-21,0.057808
24-Feb-21,0.059873
23-Feb-21,0.053768
22-Feb-21,0.060466
21-Feb-21,0.058428
20-Feb-21,0.060286
19-Feb-21,0.059497
18-Feb-21,0.061799
17-Feb-21,0.054983
16-Feb-21,0.059668
15-Feb-21,0.063924
14-Feb-21,0.066448
13-Feb-21,0.071646
12-Feb-21,0.07261
11-Feb-21,0.074301
10-Feb-21,0.081091
9-Feb-21,0.083128
8-Feb-21,0.084945
7-Feb-21,0.084357
6-Feb-21,0.058308
5-Feb-21,0.05374
4-Feb-21,0.057869
3-Feb-21,0.039105
2-Feb-21,0.034926
1-Feb-21,0.04325
31-Jan-21,0.045289
30-Jan-21,0.049901
29-Jan-21,0.077973
28-Jan-21,0.034177
27-Jan-21,0.008259
26-Jan-21,0.008456
25-Jan-21,0.008879
24-Jan-21,0.008951
23-Jan-21,0.008808
22-Jan-21,0.008769
21-Jan-21,0.009089
20-Jan-21,0.009153
19-Jan-21,0.009613
18-Jan-21,0.009295
17-Jan-21,0.009367
16-Jan-21,0.009531
15-Jan-21,0.009796
14-Jan-21,0.01003
13-Jan-21,0.008646
12-Jan-21,0.009145
11-Jan-21,0.009858
10-Jan-21,0.010867
9-Jan-21,0.01074
8-Jan-21,0.010285
7-Jan-21,0.010532
6-Jan-21,0.010854
5-Jan-21,0.010219
4-Jan-21,0.011421
3-Jan-21,0.013867
2-Jan-21,0.013698
1-Jan-21,0.005685
31-Dec-20,0.004743
30-Dec-20,0.004703
29-Dec-20,0.004608
28-Dec-20,0.004716
27-Dec-20,0.004805
26-Dec-20,0.00464
25-Dec-20,0.004613
24-Dec-20,0.004577
23-Dec-20,0.004735
22-Dec-20,0.004843
21-Dec-20,0.005406
20-Dec-20,0.004678
19-Dec-20,0.004018
18-Dec-20,0.00397
17-Dec-20,0.004113
16-Dec-20,0.003422
15-Dec-20,0.00325
14-Dec-20,0.003279
13-Dec-20,0.003274
12-Dec-20,0.003184
11-Dec-20,0.00311
10-Dec-20,0.003165
9-Dec-20,0.003182
8-Dec-20,0.003361
7-Dec-20,0.0034
6-Dec-20,0.003442
5-Dec-20,0.003414
4-Dec-20,0.003447
3-Dec-20,0.0035
2-Dec-20,0.003436
1-Dec-20,0.003572
30-Nov-20,0.00358
29-Nov-20,0.00353
28-Nov-20,0.00347
27-Nov-20,0.003355
26-Nov-20,0.003793
25-Nov-20,0.004256
24-Nov-20,0.004204
23-Nov-20,0.003648
22-Nov-20,0.00366
21-Nov-20,0.003549
20-Nov-20,0.003011
19-Nov-20,0.00296
18-Nov-20,0.002999
17-Nov-20,0.002976
16-Nov-20,0.003009
15-Nov-20,0.002813
14-Nov-20,0.002821
13-Nov-20,0.002836
12-Nov-20,0.002791
11-Nov-20,0.002837
10-Nov-20,0.002851
9-Nov-20,0.002786
8-Nov-20,0.002742
7-Nov-20,0.002819
6-Nov-20,0.002801
5-Nov-20,0.002639
4-Nov-20,0.002558
3-Nov-20,0.00253
2-Nov-20,0.002592
1-Nov-20,0.00259
31-Oct-20,0.002603
30-Oct-20,0.002607
29-Oct-20,0.002623
28-Oct-20,0.002697
27-Oct-20,0.002708
26-Oct-20,0.002893
25-Oct-20,0.002676
24-Oct-20,0.002653
23-Oct-20,0.002691
22-Oct-20,0.002689
21-Oct-20,0.002657
20-Oct-20,0.002623
19-Oct-20,0.002619
18-Oct-20,0.002601
17-Oct-20,0.002612
16-Oct-20,0.002616
15-Oct-20,0.002651
14-Oct-20,0.002653
13-Oct-20,0.002677
12-Oct-20,0.002708
11-Oct-20,0.002706
10-Oct-20,0.002716
9-Oct-20,0.002667
8-Oct-20,0.002631
7-Oct-20,0.002612
6-Oct-20,0.002628
5-Oct-20,0.002662
4-Oct-20,0.002682
3-Oct-20,0.00264
2-Oct-20,0.002628
1-Oct-20,0.002682
30-Sep-20,0.002685
29-Sep-20,0.00271
28-Sep-20,0.00274
27-Sep-20,0.002734
26-Sep-20,0.002753
25-Sep-20,0.002721
24-Sep-20,0.00265
23-Sep-20,0.002651
22-Sep-20,0.002672
21-Sep-20,0.002802
20-Sep-20,0.002806
19-Sep-20,0.002814
18-Sep-20,0.002825
17-Sep-20,0.002859
16-Sep-20,0.002859
15-Sep-20,0.002878
14-Sep-20,0.002843
13-Sep-20,0.002824
12-Sep-20,0.002831
11-Sep-20,0.002825
10-Sep-20,0.002859
9-Sep-20,0.002807
8-Sep-20,0.002834
7-Sep-20,0.002832
6-Sep-20,0.002814
5-Sep-20,0.002934
4-Sep-20,0.002958
3-Sep-20,0.003134
2-Sep-20,0.003266
1-Sep-20,0.003281
31-Aug-20,0.003308
30-Aug-20,0.003344
29-Aug-20,0.003301
28-Aug-20,0.003271
27-Aug-20,0.003314
26-Aug-20,0.003345
25-Aug-20,0.003434
24-Aug-20,0.003465
23-Aug-20,0.003453
22-Aug-20,0.003447
21-Aug-20,0.003554
20-Aug-20,0.003499
19-Aug-20,0.003538
18-Aug-20,0.003709
17-Aug-20,0.003718
16-Aug-20,0.003552
15-Aug-20,0.003607
14-Aug-20,0.003579
13-Aug-20,0.003549
12-Aug-20,0.003534
11-Aug-20,0.003571
10-Aug-20,0.003557
9-Aug-20,0.003533
8-Aug-20,0.003536
7-Aug-20,0.003611
6-Aug-20,0.003636
5-Aug-20,0.003577
4-Aug-20,0.003561
3-Aug-20,0.003441
2-Aug-20,0.003736
1-Aug-20,0.003797
31-Jul-20,0.00324
30-Jul-20,0.003244
29-Jul-20,0.003262
28-Jul-20,0.003219
27-Jul-20,0.003243
26-Jul-20,0.00327
25-Jul-20,0.003295
24-Jul-20,0.003323
23-Jul-20,0.003321
22-Jul-20,0.003304
21-Jul-20,0.003309
20-Jul-20,0.003433
19-Jul-20,0.003753
18-Jul-20,0.003629
17-Jul-20,0.003084
16-Jul-20,0.003098
15-Jul-20,0.003303
14-Jul-20,0.003369
13-Jul-20,0.003636
12-Jul-20,0.003844
11-Jul-20,0.00392
10-Jul-20,0.004394
9-Jul-20,0.005014
8-Jul-20,0.00542
7-Jul-20,0.003259
6-Jul-20,0.002624
5-Jul-20,0.002327
4-Jul-20,0.00234
3-Jul-20,0.002366
2-Jul-20,0.002382
1-Jul-20,0.002376
30-Jun-20,0.00234
29-Jun-20,0.002341
28-Jun-20,0.002361
27-Jun-20,0.002379
26-Jun-20,0.002427
25-Jun-20,0.002433
24-Jun-20,0.002497
23-Jun-20,0.002492
22-Jun-20,0.002495
21-Jun-20,0.002478
20-Jun-20,0.002466
19-Jun-20,0.002472
18-Jun-20,0.002493
17-Jun-20,0.002492
16-Jun-20,0.00253
15-Jun-20,0.002516
14-Jun-20,0.002554
13-Jun-20,0.002541
12-Jun-20,0.002533
11-Jun-20,0.002602
10-Jun-20,0.002595
9-Jun-20,0.002587
8-Jun-20,0.002607
7-Jun-20,0.002609
6-Jun-20,0.002606
5-Jun-20,0.002634
4-Jun-20,0.002669
3-Jun-20,0.002598
2-Jun-20,0.002655
1-Jun-20,0.002662
31-May-20,0.002617
30-May-20,0.002626
29-May-20,0.002549
28-May-20,0.002559
27-May-20,0.002529
26-May-20,0.002542
25-May-20,0.002546
24-May-20,0.002561
23-May-20,0.002565
22-May-20,0.002543
21-May-20,0.002549
20-May-20,0.002563
19-May-20,0.002565
18-May-20,0.002587
17-May-20,0.002578
16-May-20,0.002534
15-May-20,0.002577
14-May-20,0.002623
13-May-20,0.002528
12-May-20,0.002513
11-May-20,0.002512
10-May-20,0.002613
9-May-20,0.002634
8-May-20,0.002672
7-May-20,0.002678
6-May-20,0.002583
5-May-20,0.002521
4-May-20,0.002519
3-May-20,0.002583
2-May-20,0.002553
1-May-20,0.002559
30-Apr-20,0.002689
29-Apr-20,0.002542
28-Apr-20,0.002372
27-Apr-20,0.002414
26-Apr-20,0.002444
25-Apr-20,0.002146
24-Apr-20,0.002121
23-Apr-20,0.002123
22-Apr-20,0.002033
21-Apr-20,0.002032
20-Apr-20,0.002066
19-Apr-20,0.002073
18-Apr-20,0.002062
17-Apr-20,0.002029
16-Apr-20,0.002029
15-Apr-20,0.001975
14-Apr-20,0.00198
13-Apr-20,0.00199
12-Apr-20,0.002009
11-Apr-20,0.002004
10-Apr-20,0.002023
9-Apr-20,0.002033
8-Apr-20,0.002044
7-Apr-20,0.00203
6-Apr-20,0.001983
5-Apr-20,0.001909
4-Apr-20,0.00191
3-Apr-20,0.001916
2-Apr-20,0.00194
1-Apr-20,0.001867
31-Mar-20,0.001851
30-Mar-20,0.001868
29-Mar-20,0.001805
28-Mar-20,0.001808
27-Mar-20,0.001868
26-Mar-20,0.001872
25-Mar-20,0.00189
24-Mar-20,0.001912
23-Mar-20,0.001817
22-Mar-20,0.001868
21-Mar-20,0.001851
20-Mar-20,0.001931
19-Mar-20,0.001844
18-Mar-20,0.001612
17-Mar-20,0.001677
16-Mar-20,0.001699
15-Mar-20,0.001819
14-Mar-20,0.001784
13-Mar-20,0.001799
12-Mar-20,0.002188
11-Mar-20,0.002228
10-Mar-20,0.002263
9-Mar-20,0.002236
8-Mar-20,0.002408
7-Mar-20,0.002513
6-Mar-20,0.002517
5-Mar-20,0.002531
4-Mar-20,0.002508
3-Mar-20,0.002525
2-Mar-20,0.00237
1-Mar-20,0.002297
29-Feb-20,0.00232
28-Feb-20,0.002373
27-Feb-20,0.002403
26-Feb-20,0.002487
25-Feb-20,0.002591
24-Feb-20,0.002687
23-Feb-20,0.002682
22-Feb-20,0.002655
21-Feb-20,0.002703
20-Feb-20,0.002673
19-Feb-20,0.002874
18-Feb-20,0.002846
17-Feb-20,0.002772
16-Feb-20,0.002965
15-Feb-20,0.003181
14-Feb-20,0.003147
13-Feb-20,0.003216
12-Feb-20,0.003173
11-Feb-20,0.003085
10-Feb-20,0.003303
9-Feb-20,0.003531
8-Feb-20,0.003209
7-Feb-20,0.00277
6-Feb-20,0.002677
5-Feb-20,0.00263
4-Feb-20,0.002503
3-Feb-20,0.002517
2-Feb-20,0.002506
1-Feb-20,0.002431
31-Jan-20,0.002458
30-Jan-20,0.002446
29-Jan-20,0.002471
28-Jan-20,0.00245
27-Jan-20,0.002413
26-Jan-20,0.002307
25-Jan-20,0.002276
24-Jan-20,0.002293
23-Jan-20,0.002358
22-Jan-20,0.002399
21-Jan-20,0.002403
20-Jan-20,0.002423
19-Jan-20,0.00257
18-Jan-20,0.002538
17-Jan-20,0.002516
16-Jan-20,0.002424
15-Jan-20,0.002541
14-Jan-20,0.002514
13-Jan-20,0.002407
12-Jan-20,0.002413
11-Jan-20,0.002373
10-Jan-20,0.002361
9-Jan-20,0.002314
8-Jan-20,0.002465
7-Jan-20,0.002497
6-Jan-20,0.002564
5-Jan-20,0.002491
4-Jan-20,0.00249
3-Jan-20,0.002177
2-Jan-20,0.00211
1-Jan-20,0.002052
31-Dec-19,0.002056
30-Dec-19,0.002077
29-Dec-19,0.002114
28-Dec-19,0.00209
27-Dec-19,0.002075
26-Dec-19,0.002098
25-Dec-19,0.002098
24-Dec-19,0.002114
23-Dec-19,0.002137
22-Dec-19,0.00212
21-Dec-19,0.002088
20-Dec-19,0.002141
19-Dec-19,0.002199
18-Dec-19,0.002192
17-Dec-19,0.002152
16-Dec-19,0.002184
15-Dec-19,0.002171
14-Dec-19,0.002204
13-Dec-19,0.002208
12-Dec-19,0.002198
11-Dec-19,0.00224
10-Dec-19,0.002222
9-Dec-19,0.002251
8-Dec-19,0.002341
7-Dec-19,0.002248
6-Dec-19,0.00228
5-Dec-19,0.002305
4-Dec-19,0.002241
3-Dec-19,0.002256
2-Dec-19,0.002312
1-Dec-19,0.002394
30-Nov-19,0.002474
29-Nov-19,0.002458
28-Nov-19,0.00238
27-Nov-19,0.002358
26-Nov-19,0.002342
25-Nov-19,0.002369
24-Nov-19,0.00251
23-Nov-19,0.002507
22-Nov-19,0.002519
21-Nov-19,0.002566
20-Nov-19,0.002698
19-Nov-19,0.002608
18-Nov-19,0.002715
17-Nov-19,0.002718
16-Nov-19,0.002675
15-Nov-19,0.002689
14-Nov-19,0.002698
13-Nov-19,0.002725
12-Nov-19,0.002735
11-Nov-19,0.00278
10-Nov-19,0.002785
9-Nov-19,0.002742
8-Nov-19,0.002731
7-Nov-19,0.002734
6-Nov-19,0.00265
5-Nov-19,0.002651
4-Nov-19,0.002645
3-Nov-19,0.002674
2-Nov-19,0.002651
1-Nov-19,0.002639
31-Oct-19,0.002675
30-Oct-19,0.002682
29-Oct-19,0.002728
28-Oct-19,0.002722
27-Oct-19,0.002747
26-Oct-19,0.002858
25-Oct-19,0.002714
24-Oct-19,0.002553
23-Oct-19,0.002587
22-Oct-19,0.002776
21-Oct-19,0.002813
20-Oct-19,0.002775
19-Oct-19,0.002795
18-Oct-19,0.002863
17-Oct-19,0.002932
16-Oct-19,0.002619
15-Oct-19,0.002565
14-Oct-19,0.002636
13-Oct-19,0.002618
12-Oct-19,0.002383
11-Oct-19,0.002383
10-Oct-19,0.0024
9-Oct-19,0.002402
8-Oct-19,0.002418
7-Oct-19,0.002408
6-Oct-19,0.002362
5-Oct-19,0.002377
4-Oct-19,0.002363
3-Oct-19,0.002365
2-Oct-19,0.002411
1-Oct-19,0.002497
30-Sep-19,0.002416
29-Sep-19,0.002336
28-Sep-19,0.002248
27-Sep-19,0.002228
26-Sep-19,0.002229
25-Sep-19,0.002243
24-Sep-19,0.002502
23-Sep-19,0.0026
22-Sep-19,0.002609
21-Sep-19,0.002672
20-Sep-19,0.002716
19-Sep-19,0.002734
18-Sep-19,0.002993
17-Sep-19,0.002615
16-Sep-19,0.002491
15-Sep-19,0.002486
14-Sep-19,0.002451
13-Sep-19,0.002432
12-Sep-19,0.002446
11-Sep-19,0.002451
10-Sep-19,0.002489
9-Sep-19,0.00251
8-Sep-19,0.00256
7-Sep-19,0.002569
6-Sep-19,0.00264
5-Sep-19,0.002692
4-Sep-19,0.002695
3-Sep-19,0.002724
2-Sep-19,0.002616
1-Sep-19,0.002533
31-Aug-19,0.002529
30-Aug-19,0.002487
29-Aug-19,0.002524
28-Aug-19,0.002633
27-Aug-19,0.002788
26-Aug-19,0.002829
25-Aug-19,0.002888
24-Aug-19,0.002725
23-Aug-19,0.002899
22-Aug-19,0.002731
21-Aug-19,0.00277
20-Aug-19,0.002807
19-Aug-19,0.002827
18-Aug-19,0.00273
17-Aug-19,0.00269
16-Aug-19,0.002714
15-Aug-19,0.002753
14-Aug-19,0.00283
13-Aug-19,0.00289
12-Aug-19,0.002901
11-Aug-19,0.002902
10-Aug-19,0.002929
9-Aug-19,0.002933
8-Aug-19,0.003012
7-Aug-19,0.00305
6-Aug-19,0.003316
5-Aug-19,0.003162
4-Aug-19,0.002984
3-Aug-19,0.00296
2-Aug-19,0.002975
1-Aug-19,0.002959
31-Jul-19,0.002908
30-Jul-19,0.002888
29-Jul-19,0.002897
28-Jul-19,0.002887
27-Jul-19,0.00303
26-Jul-19,0.002949
25-Jul-19,0.003018
24-Jul-19,0.002917
23-Jul-19,0.003003
22-Jul-19,0.0031
21-Jul-19,0.003166
20-Jul-19,0.003187
19-Jul-19,0.003135
18-Jul-19,0.003145
17-Jul-19,0.003177
16-Jul-19,0.003125
15-Jul-19,0.003133
14-Jul-19,0.003259
13-Jul-19,0.003351
12-Jul-19,0.003368
11-Jul-19,0.003426
10-Jul-19,0.0036
9-Jul-19,0.003615
8-Jul-19,0.003644
7-Jul-19,0.003658
6-Jul-19,0.003968
5-Jul-19,0.004471
4-Jul-19,0.003357
3-Jul-19,0.003336
2-Jul-19,0.00336
1-Jul-19,0.003325
30-Jun-19,0.003446
29-Jun-19,0.003486
28-Jun-19,0.003523
27-Jun-19,0.003495
26-Jun-19,0.00345
25-Jun-19,0.003395
24-Jun-19,0.003431
23-Jun-19,0.003496
22-Jun-19,0.003354
21-Jun-19,0.003251
20-Jun-19,0.003204
19-Jun-19,0.003154
18-Jun-19,0.003199
17-Jun-19,0.003225
16-Jun-19,0.003336
15-Jun-19,0.003204
14-Jun-19,0.003142
13-Jun-19,0.003168
12-Jun-19,0.003094
11-Jun-19,0.003143
10-Jun-19,0.003135
9-Jun-19,0.003218
8-Jun-19,0.003191
7-Jun-19,0.003195
6-Jun-19,0.003124
5-Jun-19,0.003098
4-Jun-19,0.003213
3-Jun-19,0.00341
2-Jun-19,0.003448
1-Jun-19,0.00352
31-May-19,0.003443
30-May-19,0.0036
29-May-19,0.003151
28-May-19,0.003168
27-May-19,0.003207
26-May-19,0.003115
25-May-19,0.003011
24-May-19,0.003022
23-May-19,0.00298
22-May-19,0.003091
21-May-19,0.003112
20-May-19,0.003186
19-May-19,0.003195
18-May-19,0.003054
17-May-19,0.003186
16-May-19,0.003521
15-May-19,0.003317
14-May-19,0.003199
13-May-19,0.002823
12-May-19,0.00282
11-May-19,0.002799
10-May-19,0.002559
9-May-19,0.002554
8-May-19,0.002572
7-May-19,0.002632
6-May-19,0.002661
5-May-19,0.002709
4-May-19,0.002783
3-May-19,0.002753
2-May-19,0.002656
1-May-19,0.002551
30-Apr-19,0.002519
29-Apr-19,0.002551
28-Apr-19,0.002563
27-Apr-19,0.002545
26-Apr-19,0.002526
25-Apr-19,0.00262
24-Apr-19,0.002779
23-Apr-19,0.002856
22-Apr-19,0.002824
21-Apr-19,0.002906
20-Apr-19,0.002903
19-Apr-19,0.002948
18-Apr-19,0.002958
17-Apr-19,0.002861
16-Apr-19,0.002856
15-Apr-19,0.002923
14-Apr-19,0.002903
13-Apr-19,0.002906
12-Apr-19,0.002873
11-Apr-19,0.003031
10-Apr-19,0.00308
9-Apr-19,0.00307
8-Apr-19,0.003437
7-Apr-19,0.003517
6-Apr-19,0.003594
5-Apr-19,0.003755
4-Apr-19,0.004096
3-Apr-19,0.003656
2-Apr-19,0.002863
1-Apr-19,0.002532
31-Mar-19,0.0021
30-Mar-19,0.002166
29-Mar-19,0.002102
28-Mar-19,0.002092
27-Mar-19,0.002089
26-Mar-19,0.002061
25-Mar-19,0.002066
24-Mar-19,0.00208
23-Mar-19,0.00208
22-Mar-19,0.002074
21-Mar-19,0.002074
20-Mar-19,0.002092
19-Mar-19,0.002106
18-Mar-19,0.002094
17-Mar-19,0.00209
16-Mar-19,0.002099
15-Mar-19,0.002058
14-Mar-19,0.002044
13-Mar-19,0.002053
12-Mar-19,0.00203
11-Mar-19,0.002006
10-Mar-19,0.002004
9-Mar-19,0.002015
8-Mar-19,0.001998
7-Mar-19,0.002015
6-Mar-19,0.001992
5-Mar-19,0.002003
4-Mar-19,0.002011
3-Mar-19,0.002024
2-Mar-19,0.002013
1-Mar-19,0.00202
28-Feb-19,0.002024
27-Feb-19,0.002033
26-Feb-19,0.00205
25-Feb-19,0.002045
24-Feb-19,0.002125
23-Feb-19,0.002111
22-Feb-19,0.002071
21-Feb-19,0.002078
20-Feb-19,0.002081
19-Feb-19,0.002139
18-Feb-19,0.002124
17-Feb-19,0.001993
16-Feb-19,0.001929
15-Feb-19,0.001915
14-Feb-19,0.001909
13-Feb-19,0.00191
12-Feb-19,0.001911
11-Feb-19,0.001946
10-Feb-19,0.001953
9-Feb-19,0.001996
8-Feb-19,0.001957
7-Feb-19,0.00189
6-Feb-19,0.001902
5-Feb-19,0.001913
4-Feb-19,0.001932
3-Feb-19,0.001957
2-Feb-19,0.001956
1-Feb-19,0.001928
31-Jan-19,0.001987
30-Jan-19,0.00197
29-Jan-19,0.00197
28-Jan-19,0.002028
27-Jan-19,0.002096
26-Jan-19,0.002152
25-Jan-19,0.002183
24-Jan-19,0.002073
23-Jan-19,0.002068
22-Jan-19,0.002112
21-Jan-19,0.002122
20-Jan-19,0.002153
19-Jan-19,0.00216
18-Jan-19,0.002117
17-Jan-19,0.002147
16-Jan-19,0.002141
15-Jan-19,0.002188
14-Jan-19,0.002198
13-Jan-19,0.002171
12-Jan-19,0.002158
11-Jan-19,0.002149
10-Jan-19,0.002295
9-Jan-19,0.002307
8-Jan-19,0.002321
7-Jan-19,0.002335
6-Jan-19,0.002371
5-Jan-19,0.00235
4-Jan-19,0.002397
3-Jan-19,0.002414
2-Jan-19,0.002458
1-Jan-19,0.002392
31-Dec-18,0.002395
30-Dec-18,0.002402
29-Dec-18,0.002446
28-Dec-18,0.002447
27-Dec-18,0.002486
26-Dec-18,0.002496
25-Dec-18,0.002555
24-Dec-18,0.002638
23-Dec-18,0.002589
22-Dec-18,0.002561
21-Dec-18,0.002745
20-Dec-18,0.002779
19-Dec-18,0.002771
18-Dec-18,0.00269
17-Dec-18,0.002716
16-Dec-18,0.002145
15-Dec-18,0.002121
14-Dec-18,0.002085
13-Dec-18,0.002119
12-Dec-18,0.002137
11-Dec-18,0.002101
10-Dec-18,0.002119
9-Dec-18,0.002144
8-Dec-18,0.002157
7-Dec-18,0.002139
6-Dec-18,0.002227
5-Dec-18,0.002258
4-Dec-18,0.002379
3-Dec-18,0.002386
2-Dec-18,0.002271
1-Dec-18,0.002279
30-Nov-18,0.002255
29-Nov-18,0.002277
28-Nov-18,0.002302
27-Nov-18,0.002106
26-Nov-18,0.002254
25-Nov-18,0.002262
24-Nov-18,0.00239
23-Nov-18,0.002419
22-Nov-18,0.002481
21-Nov-18,0.002505
20-Nov-18,0.002437
19-Nov-18,0.002717
18-Nov-18,0.002645
17-Nov-18,0.002771
16-Nov-18,0.002819
15-Nov-18,0.002816
14-Nov-18,0.002954
13-Nov-18,0.003087
12-Nov-18,0.003173
11-Nov-18,0.003286
10-Nov-18,0.003347
9-Nov-18,0.003373
8-Nov-18,0.00366
7-Nov-18,0.003719
6-Nov-18,0.003732
5-Nov-18,0.003744
4-Nov-18,0.003788
3-Nov-18,0.003786
2-Nov-18,0.00381
1-Nov-18,0.003951
31-Oct-18,0.003873
30-Oct-18,0.003908
29-Oct-18,0.004064
28-Oct-18,0.004188
27-Oct-18,0.004256
26-Oct-18,0.003984
25-Oct-18,0.003921
24-Oct-18,0.004163
23-Oct-18,0.004401
22-Oct-18,0.004535
21-Oct-18,0.004602
20-Oct-18,0.004558
19-Oct-18,0.004566
18-Oct-18,0.004729
17-Oct-18,0.005025
16-Oct-18,0.005222
15-Oct-18,0.005457
14-Oct-18,0.005223
13-Oct-18,0.005272
12-Oct-18,0.005283
11-Oct-18,0.005547
10-Oct-18,0.005648
9-Oct-18,0.005639
8-Oct-18,0.005652
7-Oct-18,0.005575
6-Oct-18,0.00577
5-Oct-18,0.005744
4-Oct-18,0.005767
3-Oct-18,0.005826
2-Oct-18,0.005964
1-Oct-18,0.006024
30-Sep-18,0.00591
29-Sep-18,0.005898
28-Sep-18,0.005965
27-Sep-18,0.00591
26-Sep-18,0.005753
25-Sep-18,0.005794
24-Sep-18,0.006067
23-Sep-18,0.005907
22-Sep-18,0.005817
21-Sep-18,0.005961
20-Sep-18,0.0059
19-Sep-18,0.006031
18-Sep-18,0.00628
17-Sep-18,0.006547
16-Sep-18,0.006531
15-Sep-18,0.006267
14-Sep-18,0.006658
13-Sep-18,0.006609
12-Sep-18,0.006457
11-Sep-18,0.006931
10-Sep-18,0.006933
9-Sep-18,0.005843
8-Sep-18,0.005858
7-Sep-18,0.005442
6-Sep-18,0.005092
5-Sep-18,0.005394
4-Sep-18,0.005323
3-Sep-18,0.00555
2-Sep-18,0.006554
1-Sep-18,0.006753
31-Aug-18,0.004849
30-Aug-18,0.003269
29-Aug-18,0.00262
28-Aug-18,0.002619
27-Aug-18,0.002468
26-Aug-18,0.002413
25-Aug-18,0.002439
24-Aug-18,0.002436
23-Aug-18,0.002397
22-Aug-18,0.002517
21-Aug-18,0.002431
20-Aug-18,0.002485
19-Aug-18,0.002473
18-Aug-18,0.002499
17-Aug-18,0.002478
16-Aug-18,0.00237
15-Aug-18,0.002412
14-Aug-18,0.002325
13-Aug-18,0.002451
12-Aug-18,0.00244
11-Aug-18,0.00246
10-Aug-18,0.002609
9-Aug-18,0.002593
8-Aug-18,0.002669
7-Aug-18,0.002827
6-Aug-18,0.002909
5-Aug-18,0.002915
4-Aug-18,0.002965
3-Aug-18,0.002969
2-Aug-18,0.003163
1-Aug-18,0.00316
31-Jul-18,0.003325
30-Jul-18,0.003352
29-Jul-18,0.003477
28-Jul-18,0.00347
27-Jul-18,0.003461
26-Jul-18,0.003645
25-Jul-18,0.00366
24-Jul-18,0.003668
23-Jul-18,0.003638
22-Jul-18,0.003582
21-Jul-18,0.003531
20-Jul-18,0.003836
19-Jul-18,0.00395
18-Jul-18,0.004314
17-Jul-18,0.003261
16-Jul-18,0.002869
15-Jul-18,0.002415
14-Jul-18,0.002384
13-Jul-18,0.002356
12-Jul-18,0.002425
11-Jul-18,0.002475
10-Jul-18,0.002623
9-Jul-18,0.002649
8-Jul-18,0.002671
7-Jul-18,0.002646
6-Jul-18,0.002619
5-Jul-18,0.002695
4-Jul-18,0.002724
3-Jul-18,0.002764
2-Jul-18,0.002721
1-Jul-18,0.002554
30-Jun-18,0.002541
29-Jun-18,0.002492
28-Jun-18,0.002504
27-Jun-18,0.002508
26-Jun-18,0.002577
25-Jun-18,0.002576
24-Jun-18,0.002711
23-Jun-18,0.002714
22-Jun-18,0.003004
21-Jun-18,0.003031
20-Jun-18,0.003047
19-Jun-18,0.003074
18-Jun-18,0.00308
17-Jun-18,0.002945
16-Jun-18,0.002956
15-Jun-18,0.002982
14-Jun-18,0.003016
13-Jun-18,0.003115
12-Jun-18,0.003273
11-Jun-18,0.003247
10-Jun-18,0.003595
9-Jun-18,0.003711
8-Jun-18,0.003784
7-Jun-18,0.003836
6-Jun-18,0.0038
5-Jun-18,0.003722
4-Jun-18,0.00376
3-Jun-18,0.00375
2-Jun-18,0.003584
1-Jun-18,0.003469
31-May-18,0.003513
30-May-18,0.003506
29-May-18,0.003446
28-May-18,0.003447
27-May-18,0.00348
26-May-18,0.003569
25-May-18,0.003607
24-May-18,0.003713
23-May-18,0.004274
22-May-18,0.004281
21-May-18,0.004419
20-May-18,0.004476
19-May-18,0.004428
18-May-18,0.004377
17-May-18,0.00448
16-May-18,0.00455
15-May-18,0.004788
14-May-18,0.004559
13-May-18,0.004622
12-May-18,0.004668
11-May-18,0.005036
10-May-18,0.005296
9-May-18,0.005324
8-May-18,0.005356
7-May-18,0.005017
6-May-18,0.005259
5-May-18,0.005347
4-May-18,0.005555
3-May-18,0.005649
2-May-18,0.005415
1-May-18,0.005272
30-Apr-18,0.005534
29-Apr-18,0.005558
28-Apr-18,0.005622
27-Apr-18,0.005739
26-Apr-18,0.005676
25-Apr-18,0.005919
24-Apr-18,0.005908
23-Apr-18,0.005707
22-Apr-18,0.005773
21-Apr-18,0.005887
20-Apr-18,0.005958
19-Apr-18,0.005824
18-Apr-18,0.005468
17-Apr-18,0.004869
16-Apr-18,0.00492
15-Apr-18,0.004614
14-Apr-18,0.004218
13-Apr-18,0.004294
12-Apr-18,0.003798
11-Apr-18,0.003499
10-Apr-18,0.003073
9-Apr-18,0.002929
8-Apr-18,0.002907
7-Apr-18,0.002865
6-Apr-18,0.002737
5-Apr-18,0.002791
4-Apr-18,0.003006
3-Apr-18,0.002993
2-Apr-18,0.002814
1-Apr-18,0.002869
31-Mar-18,0.002897
30-Mar-18,0.00289
29-Mar-18,0.003177
28-Mar-18,0.003244
27-Mar-18,0.003283
26-Mar-18,0.003541
25-Mar-18,0.003576
24-Mar-18,0.003727
23-Mar-18,0.00356
22-Mar-18,0.003726
21-Mar-18,0.003833
20-Mar-18,0.003727
19-Mar-18,0.003504
18-Mar-18,0.00328
17-Mar-18,0.00355
16-Mar-18,0.003655
15-Mar-18,0.003619
14-Mar-18,0.004018
13-Mar-18,0.004234
12-Mar-18,0.004273
11-Mar-18,0.00432
10-Mar-18,0.004379
9-Mar-18,0.004146
8-Mar-18,0.004418
7-Mar-18,0.004704
6-Mar-18,0.005136
5-Mar-18,0.005535
4-Mar-18,0.005502
3-Mar-18,0.005756
2-Mar-18,0.006232
1-Mar-18,0.00632
28-Feb-18,0.006451
27-Feb-18,0.006574
26-Feb-18,0.006499
25-Feb-18,0.006411
24-Feb-18,0.006898
23-Feb-18,0.006949
22-Feb-18,0.006869
21-Feb-18,0.007391
20-Feb-18,0.008288
19-Feb-18,0.006938
18-Feb-18,0.007144
17-Feb-18,0.007322
16-Feb-18,0.007485
15-Feb-18,0.007948
14-Feb-18,0.006786
13-Feb-18,0.005678
12-Feb-18,0.005508
11-Feb-18,0.005183
10-Feb-18,0.005441
9-Feb-18,0.005011
8-Feb-18,0.004872
7-Feb-18,0.0048
6-Feb-18,0.004421
5-Feb-18,0.00447
4-Feb-18,0.005317
3-Feb-18,0.005495
2-Feb-18,0.005023
1-Feb-18,0.00609
31-Jan-18,0.006219
30-Jan-18,0.006992
29-Jan-18,0.007522
28-Jan-18,0.007681
27-Jan-18,0.007545
26-Jan-18,0.007982
25-Jan-18,0.007763
24-Jan-18,0.007217
23-Jan-18,0.007049
22-Jan-18,0.007606
21-Jan-18,0.008438
20-Jan-18,0.008649
19-Jan-18,0.008435
18-Jan-18,0.008733
17-Jan-18,0.007741
16-Jan-18,0.009863
15-Jan-18,0.011779
14-Jan-18,0.013187
13-Jan-18,0.013653
12-Jan-18,0.013339
11-Jan-18,0.013153
10-Jan-18,0.01356
9-Jan-18,0.015569
8-Jan-18,0.017664
7-Jan-18,0.018773
6-Jan-18,0.015788
5-Jan-18,0.012283
4-Jan-18,0.010036
3-Jan-18,0.009584
2-Jan-18,0.009598
1-Jan-18,0.009063
31-Dec-17,0.009274
30-Dec-17,0.009446
29-Dec-17,0.009477
28-Dec-17,0.008856
27-Dec-17,0.009609
26-Dec-17,0.009623
25-Dec-17,0.010729
24-Dec-17,0.008948
23-Dec-17,0.008076
22-Dec-17,0.007625
21-Dec-17,0.008768
20-Dec-17,0.007067
19-Dec-17,0.006693
18-Dec-17,0.006809
17-Dec-17,0.007628
16-Dec-17,0.006251
15-Dec-17,0.003809
14-Dec-17,0.003718
13-Dec-17,0.003884
12-Dec-17,0.003381
11-Dec-17,0.002894
10-Dec-17,0.002742
9-Dec-17,0.002846
8-Dec-17,0.002846
7-Dec-17,0.002858
6-Dec-17,0.002663
5-Dec-17,0.002676
4-Dec-17,0.002475
3-Dec-17,0.00234
2-Dec-17,0.002212
1-Dec-17,0.002237
30-Nov-17,0.002271
29-Nov-17,0.002581
28-Nov-17,0.002363
27-Nov-17,0.002036
26-Nov-17,0.002132
25-Nov-17,0.002072
24-Nov-17,0.001978
23-Nov-17,0.002246
22-Nov-17,0.002053
21-Nov-17,0.001446
20-Nov-17,0.001428
19-Nov-17,0.001421
18-Nov-17,0.001385
17-Nov-17,0.001394
16-Nov-17,0.001424
15-Nov-17,0.001351
14-Nov-17,0.001239
13-Nov-17,0.001212
12-Nov-17,0.00121
11-Nov-17,0.001257
10-Nov-17,0.001431
9-Nov-17,0.001415
